code,name,库内最新股本,真实股本,比值
sh600000,浦发银行,33306000000.0,33305838300.0,1.0000048550046554
sh600009,上海机场,2488313040.0,2488313040.0,1.0
sh600010,包钢股份,45288619348.0,45226032948.0,1.0013838578340921
sh600011,华能国际,15698093359.0,15698093359.0,1.0
sh600015,华夏银行,15915000000.0,15914928468.0,1.0000044946479114
sh600016,民生银行,43782000000.0,43782418502.0,0.9999904413229256
sh600018,上港集团,23279960504.0,23279960504.0,1.0
sh600019,宝钢股份,21782084749.0,21782084749.0,1.0
sh600023,浙能电力,13408732749.0,13408732749.0,1.0
sh600025,华能水电,18631094257.0,18631094257.0,1.0
sh600026,中远海能,5465220839.0,5471214178.0,0.9989045687474456
sh600027,华电国际,11611774000.0,11611774184.0,0.9999999841540149
sh600028,中国石化,120926000000.0,120925514222.0,1.0000040171671225
sh600029,南方航空,18121000000.0,18120970492.0,1.000001628389606
sh600030,中信证券,14820546829.0,15624272212.0,0.9485591794552383
sh600031,三一重工,9195004000.0,9195004437.0,0.9999999524741937
sh600036,招商银行,25220000000.0,25219845601.0,1.0000061221231265
sh600039,四川路桥,8695590645.0,8695590645.0,1.0
sh600048,保利发展,11970443418.0,11970443418.0,1.0
sh600050,中国联通,31264425327.0,31264425327.0,1.0
sh600061,国投资本,6393983737.0,6394097773.0,0.9999821654275477
sh600066,宇通客车,2213939223.0,2213939223.0,1.0
sh600085,同仁堂,1371470262.0,1371470262.0,1.0
sh600089,特变电工,5052792571.0,5052792571.0,1.0
sh600104,上汽集团,11495277504.0,11495277504.0,1.0
sh600111,北方稀土,3615065842.0,3615065842.0,1.0
sh600118,中国卫星,1182489135.0,1182489135.0,1.0
sh600150,中国船舶,7525621288.0,7525621288.0,1.0
sh600160,巨化股份,2699746081.0,2699746081.0,1.0
sh600176,中国巨石,4003136728.0,4003136728.0,1.0
sh600183,生益科技,2429119230.0,2429003670.0,1.0000475750619182
sh600188,兖矿能源,10037481000.0,10036852020.0,1.000062667059228
sh600196,复星医药,2670429325.0,2670429325.0,1.0
sh600219,南山铝业,11483701559.0,11483701559.0,1.0
sh600221,海航控股,43215632000.0,43215632535.0,0.9999999876202206
sh600233,圆通速递,974012561.0,3424016438.0,0.2844649196745474
sh600309,万华化学,3130471626.0,3130471626.0,1.0
sh600346,恒力石化,7039099786.0,7039099786.0,1.0
sh600362,江西铜业,3462729405.0,3462729405.0,1.0
sh600372,中航机载,4838896630.0,4838896630.0,1.0
sh600406,国电南瑞,8031756156.0,8031756156.0,1.0
sh600415,小商品城,5483559226.0,5483559226.0,1.0
sh600426,华鲁恒升,2123219998.0,2749943015.0,0.7720959985056273
sh600436,片仔癀,603317210.0,603317210.0,1.0
sh600438,通威股份,4501990089.0,4501990940.0,0.9999998109725206
sh600460,士兰微,1664071845.0,1664071845.0,1.0
sh600482,中国动力,2253600835.0,2268246368.0,0.9935432353351838
sh600489,中金黄金,4847312564.0,4847312564.0,1.0
sh600515,海南机场,11425309602.0,11425309602.0,1.0
sh600519,贵州茅台,1252270215.0,1250081601.0,1.0017507769078828
sh600522,中天科技,3412949652.0,3412949652.0,1.0
sh600547,山东黄金,4609929525.0,4609929525.0,1.0
sh600549,厦门钨业,1587585826.0,1587585826.0,1.0
sh600570,恒生电子,1894130907.0,1893647942.0,1.0002550447679783
sh600584,长电科技,1789414570.0,1789414570.0,1.0
sh600585,海螺水泥,5299302579.0,5277060044.0,1.0042149482504543
sh600588,用友网络,3416997409.0,3416997409.0,1.0
sh600600,青岛啤酒,1364195121.0,1364195121.0,1.0
sh600660,福耀玻璃,2609743532.0,2609743532.0,1.0
sh600674,川投能源,4874606828.0,4874606828.0,1.0
sh600690,海尔智家,9377629650.0,9303088164.0,1.0080125528949033
sh600741,华域汽车,3152723984.0,3152723984.0,1.0
sh600760,中航沈飞,2835094714.0,2834929431.0,1.0000583023330996
sh600795,国电电力,17835619082.0,17835619082.0,1.0
sh600803,新奥股份,3097090000.0,3095185107.0,1.0006154375050758
sh600809,山西汾酒,1219964222.0,1219964222.0,1.0
sh600845,宝信软件,2870778802.0,2857904137.0,1.0045049324199917
sh600875,东方电气,3458360326.0,3458360326.0,1.0
sh600886,国投电力,8004494262.0,8004494262.0,1.0
sh600887,伊利股份,6325360667.0,6325360667.0,1.0
sh600893,航发动力,2665594238.0,2665594238.0,1.0
sh600900,长江电力,24468217716.0,24468217716.0,1.0
sh600905,三峡能源,28587650142.0,28587650142.0,1.0
sh600918,中泰证券,7918340996.0,7918340996.0,1.0
sh600919,江苏银行,18351324000.0,18351324463.0,0.9999999747702134
sh600926,杭州银行,7249003000.0,7249002548.0,1.0000000623534062
sh600930,华电新能,41714285714.0,41714285714.0,1.0
sh600938,中国海油,47529953984.0,47529953984.0,1.0
sh600941,中国移动,468445000000.0,21690937654.0,21.59634624709802
sh600958,东方证券,8496645292.0,8496645292.0,1.0
sh600989,宝丰能源,7333360000.0,7333360000.0,1.0
sh600999,招商证券,8696526806.0,8696526806.0,1.0
sh601006,大秦铁路,20147177716.0,19862892778.0,1.0143123633187443
sh601009,南京银行,12363567000.0,12363567245.0,0.9999999801837127
sh601012,隆基绿能,7578064239.0,7578069148.0,0.9999993522096586
sh601018,宁波港,19454388000.0,19454388399.0,0.9999999794904887
sh601021,春秋航空,978333423.0,978333423.0,1.0
sh601058,赛轮轮胎,3288100259.0,3288100259.0,1.0
sh601059,信达证券,3243000000.0,3243000000.0,1.0
sh601066,中信建投,7756694797.0,7756694797.0,1.0
sh601077,渝农商行,11357000000.0,11357000000.0,1.0
sh601088,中国神华,19869000000.0,21689434304.0,0.9160681519635451
sh601100,恒立液压,1340820992.0,1340820992.0,1.0
sh601111,中国国航,17448421000.0,20492561030.0,0.8514514596031436
sh601117,中国化学,6106877362.0,6105560662.0,1.0002156558705895
sh601127,赛力斯,1741985086.0,1741985086.0,1.0
sh601136,首创证券,2733333800.0,2733333800.0,1.0
sh601138,工业富联,19858195000.0,19844092284.0,1.0007106757919773
sh601166,兴业银行,21163000000.0,21162859513.0,1.0000066383751172
sh601169,北京银行,21143000000.0,21142984272.0,1.000000743887419
sh601186,中国铁建,13579542000.0,13579541500.0,1.0000000368200943
sh601211,国泰海通,17628925829.0,17581057948.0,1.0027226962758202
sh601225,陕西煤业,9695000000.0,9695000000.0,1.0
sh601229,上海银行,14209010000.0,14209038737.0,0.9999979775549541
sh601238,广汽集团,10197065900.0,10197065900.0,1.0
sh601288,农业银行,349983000000.0,349983033873.0,0.9999999032153084
sh601318,中国平安,18108000000.0,18107641995.0,1.0000197709342884
sh601319,中国人保,44224000000.0,44223990583.0,1.000000212938721
sh601328,交通银行,88364000000.0,88363784223.0,1.0000024419166957
sh601336,新华保险,3120000000.0,3119546600.0,1.0001453416339412
sh601360,三六零,6999558000.0,6999557879.0,1.0000000172868062
sh601377,兴业证券,8635987294.0,8635987294.0,1.0
sh601390,中国中铁,24686286000.0,24531310329.0,1.0063174640458072
sh601398,工商银行,356407000000.0,356406257089.0,1.0000020844499367
sh601456,国联民生,5680592806.0,5680592806.0,1.0
sh601600,中国铝业,17155632000.0,17154971327.0,1.0000385120433841
sh601601,中国太保,9620000000.0,9620341455.0,0.9999645069770551
sh601607,上海医药,3708361809.0,3708361809.0,1.0
sh601618,中国中冶,20723619000.0,20691619170.0,1.001546511644985
sh601628,中国人寿,28265000000.0,28264705000.0,1.0000104370450709
sh601633,长城汽车,8557872087.0,8578469715.0,0.9975989158108254
sh601658,邮储银行,120095000000.0,120095053492.0,0.9999995545861512
sh601668,中国建筑,41320390000.0,41320390444.0,0.9999999892546998
sh601669,中国电建,17226159334.0,17226159334.0,1.0
sh601688,华泰证券,9026863786.0,9026863786.0,1.0
sh601689,拓普集团,1737835580.0,1737835580.0,1.0
sh601698,中国卫通,4224385412.0,4224385412.0,1.0
sh601727,上海电气,15540122000.0,15540121636.0,1.00000002342324
sh601728,中国电信,91507138699.0,91507138699.0,1.0
sh601766,中国中车,28698864000.0,28698864088.0,0.9999999969336766
sh601788,光大证券,4610787639.0,4610787639.0,1.0
sh601800,中国交建,16274644225.0,16213786279.0,1.0037534691128143
sh601816,京沪高铁,48925679370.0,48925679370.0,1.0
sh601818,光大银行,59086000000.0,59085551061.0,1.0000075981181853
sh601825,沪农商行,9644444000.0,9644444445.0,0.999999953859447
sh601838,成都银行,4238435000.0,4238435356.0,0.9999999160067407
sh601857,中国石油,183021000000.0,183020977818.0,1.0000001211992213
sh601868,中国能建,41691164000.0,44240183243.0,0.9423822629983495
sh601872,招商轮船,8074538502.0,8074538502.0,1.0
sh601877,正泰电器,2148968976.0,2148968976.0,1.0
sh601878,浙商证券,4573796639.0,4535015039.0,1.0085515923688209
sh601881,中国银河,10934402256.0,10934402256.0,1.0
sh601888,中国中免,2068859044.0,2077796644.0,0.9956985203408578
sh601898,中煤能源,13258663000.0,13258663400.0,0.9999999698310464
sh601899,紫金矿业,26589733140.0,26590714622.0,0.9999630892958706
sh601916,浙商银行,27464000000.0,27464635963.0,0.9999768442953019
sh601919,中远海控,15489882673.0,15268122965.0,1.014524359576377
sh601939,建设银行,261600000000.0,261600381459.0,0.9999985418255207
sh601985,中国核电,20568002074.0,20568002074.0,1.0
sh601988,中国银行,322212000000.0,322212411814.0,0.999998721917639
sh601995,中金公司,4827256868.0,4827256868.0,1.0
sh601998,中信银行,55645000000.0,55645162264.0,0.9999970839513553
sh603019,中科曙光,1463115784.0,1463115784.0,1.0
sh603259,药明康德,2983757155.0,3016519849.0,0.9891389098563826
sh603260,合盛硅业,1182206941.0,1182206941.0,1.0
sh603288,海天味业,5851824944.0,5851045044.0,1.000133292427957
sh603296,华勤技术,1015732344.0,1515803032.0,0.6700952053511924
sh603369,今世缘,1246800037.0,1246800037.0,1.0
sh603392,万泰生物,1264392804.0,1264392804.0,1.0
sh603501,豪威集团,1209759889.0,1257798165.0,0.961807643438564
sh603799,华友钴业,1896724497.0,1893527517.0,1.0016883726121208
sh603893,瑞芯微,420949000.0,423143550.0,0.9948136985663613
sh603986,兆易创新,667849351.0,703971427.0,0.9486881503785807
sh603993,洛阳钼业,21394310176.0,21394310176.0,1.0
sh605117,德业股份,908683898.0,1273282072.0,0.7136548279303818
sh605499,东鹏饮料,520013000.0,734199310.0,0.7082722537562722
sh688008,澜起科技,1146426521.0,1220538021.0,0.9392796465780888
sh688009,中国通号,10589819000.0,10589819000.0,1.0
sh688012,中微公司,626145307.0,957842348.0,0.6537039297828164
sh688036,传音控股,1151184545.0,1151184545.0,1.0
sh688041,海光信息,2324338091.0,2324338091.0,1.0
sh688047,龙芯中科,401000000.0,401000000.0,1.0
sh688072,拓荆科技,282344902.0,292173270.0,0.966361166440722
sh688082,盛美上海,480164789.0,482596689.0,0.9949608025595054
sh688111,金山办公,463179293.0,464013435.0,0.9982023322234194
sh688126,沪硅产业,3305023393.0,3305023393.0,1.0
sh688183,生益电子,831821175.0,837591234.0,0.9931111277604416
sh688223,晶科能源,10005203695.0,10269412261.0,0.9742722797288623
sh688256,寒武纪,421685170.0,628854008.0,0.6705613141293678
sh688271,联影医疗,824157988.0,824157988.0,1.0
sh688303,大全能源,2145205724.0,2132442813.0,1.0059851129053465
sh688396,华润微,1327529398.0,1328210680.0,0.9994870678196925
sh688472,阿特斯,3643140112.0,3643140112.0,1.0
sh688506,百利天恒,412873817.0,412873817.0,1.0
sh688521,芯原股份,525858273.0,525915273.0,0.9998916175229617
sh688981,中芯国际,8000408035.0,8561152853.0,0.934501249115824
sz000001,平安银行,19406000000.0,19405918198.0,1.0000042153120077
sz000002,万  科Ａ,11930709471.0,11930709471.0,1.0
sz000063,中兴通讯,4783535000.0,4783534887.0,1.000000023622698
sz000100,TCL科技,20800862000.0,21946416151.0,0.9478022223255891
sz000157,中联重科,8648535236.0,8648535236.0,1.0
sz000166,申万宏源,25039944560.0,25039944560.0,1.0
sz000301,东方盛虹,9599630025.16,6611232470.0,1.4520182233374104
sz000333,美的集团,7597145000.0,7629112000.0,0.9958098662072336
sz000338,潍柴动力,8713581296.0,8640220621.0,1.008490602059593
sz000408,藏格矿业,1570225745.0,1568914754.0,1.0008356037169372
sz000425,徐工机械,11752972482.0,11711210449.0,1.003565987750102
sz000538,云南白药,1784262603.0,1784262603.0,1.0
sz000568,泸州老窖,1471941963.0,1471901463.0,1.000027515428864
sz000596,古井贡酒,528600000.0,528600000.0,1.0
sz000617,中油资本,12642079079.0,12642079079.0,1.0
sz000625,长安汽车,9914086060.0,9912905548.0,1.00011908839384
sz000630,铜陵有色,13409471510.0,13409471510.0,1.0
sz000651,格力电器,5601405741.0,5601405741.0,1.0
sz000657,中钨高新,2278604400.0,2278604400.0,1.0
sz000708,中信特钢,5047158005.0,5047158628.0,0.9999998765642125
sz000725,京东方Ａ,37413880464.0,37044328064.0,1.00997595095696
sz000768,中航西飞,2781149071.0,2780610135.0,1.0001938193323892
sz000776,广发证券,7605845511.0,7824845511.0,0.9720122269900237
sz000792,盐湖股份,5291572541.0,5291572541.0,1.0
sz000807,云铝股份,3467957405.0,3467957405.0,1.0
sz000858,五 粮 液,3881608005.0,3881608005.0,1.0
sz000895,双汇发展,3464661213.0,3464661213.0,1.0
sz000938,紫光股份,2860079874.0,2860079874.0,1.0
sz000963,华东医药,1753736848.0,1753736848.0,1.0
sz000975,山金国际,2776722265.0,2772527436.0,1.0015129981927435
sz000977,浪潮信息,1468476655.0,1468476655.0,1.0
sz000988,华工科技,1005502707.0,1005502707.0,1.0
sz000999,华润三九,1664217858.0,1664217858.0,1.0
sz001280,中国铀业,2068181818.0,2068181818.0,1.0
sz001391,国货航,12208881225.0,12208881225.0,1.0
sz001965,招商公路,6795094992.0,6795094992.0,1.0
sz001979,招商蛇口,9016032171.0,9016032171.0,1.0
sz002001,新 和 成,3073421680.0,3073421680.0,1.0
sz002027,分众传媒,328300769.56,14442199726.0,0.022732047457352828
sz002028,思源电气,782057732.0,782573282.0,0.9993412118559908
sz002049,紫光国微,849624657.0,843233676.0,1.0075791339718743
sz002050,三花智控,4208013935.0,4208013935.0,1.0
sz002074,国轩高科,1814113804.0,1814725342.0,0.9996630134677427
sz002142,宁波银行,6604000000.0,6603590792.0,1.0000619674981217
sz002179,中航光电,2100246297.0,2100246297.0,1.0
sz002202,金风科技,4225067647.0,4223788647.0,1.0003028087120098
sz002230,科大讯飞,2311847493.0,2402079841.0,0.9624357415353706
sz002236,大华股份,3286755574.0,3269262074.0,1.005350901703208
sz002241,歌尔股份,3547433388.0,3558062598.0,0.9970126410912572
sz002304,洋河股份,1506445074.0,1506445074.0,1.0
sz002311,海大集团,1663749970.0,1656465373.0,1.004397675386843
sz002352,顺丰控股,5039430000.0,5265308078.0,0.9571006910414634
sz002353,杰瑞股份,1023855833.0,1023855833.0,1.0
sz002371,北方华创,724616559.0,725689200.0,0.9985219002845847
sz002384,东山精密,1831607532.0,1831607532.0,1.0
sz002415,海康威视,9164871550.0,9164871550.0,1.0
sz002422,科伦药业,1598053372.0,1590781208.0,1.0045714419829883
sz002460,赣锋锂业,2096694404.0,2096694404.0,1.0
sz002463,沪电股份,1924363537.0,1924363537.0,1.0
sz002466,天齐锂业,1641194983.0,1713105208.0,0.9580234625029521
sz002475,立讯精密,7284442534.0,7737876773.0,0.9414006900985834
sz002493,荣盛石化,9989442254.0,9989442254.0,1.0
sz002532,天山铝业,4628737415.0,4628737415.0,1.0
sz002558,巨人网络,1488527049.51,1900561971.0,0.7832036377781443
sz002594,比亚迪,9117198000.0,9117197565.0,1.0000000477120297
sz002600,领益智造,1830828680.3,8120306431.0,0.22546300387269214
sz002602,世纪华通,7370682322.0,7370682322.0,1.0
sz002625,光启技术,2154587862.0,2154587862.0,1.0
sz002648,卫星化学,3368645690.0,3368645690.0,1.0
sz002709,天赐材料,2033891587.0,2038561744.0,0.9977090922000545
sz002714,牧原股份,5462771148.0,5772996144.0,0.9462627397867875
sz002736,国信证券,10241743060.0,10241743060.0,1.0
sz002837,英维克,977050929.0,1277131637.0,0.7650354127121197
sz002916,深南电路,666740795.0,681166595.0,0.9788219209428495
sz002920,德赛西威,596842634.0,596809294.0,1.0000558637412909
sz002938,鹏鼎控股,2318051016.0,2317536658.0,1.0002219416889155
sz003816,中国广核,50498611100.0,50498824032.0,0.9999957834265633
sz300014,亿纬锂能,2074119273.0,2173296935.0,0.9543653421661867
sz300015,爱尔眼科,9325396670.0,9299564734.0,1.0027777575337
sz300033,同花顺,537600000.0,752640000.0,0.7142857142857143
sz300059,东方财富,15804037675.0,15822199875.0,0.9988521065247888
sz300122,智飞生物,2393789747.0,2393789747.0,1.0
sz300124,汇川技术,2706993804.0,2709502001.0,0.9990742959410717
sz300251,光线传媒,2933588432.0,2933588432.0,1.0
sz300274,阳光电源,2073211424.0,2073211424.0,1.0
sz300308,中际旭创,1111118334.0,1177909641.0,0.9432967481756098
sz300316,晶盛机电,1309533797.0,1309533797.0,1.0
sz300394,天孚通信,777415891.0,1090825093.0,0.7126861088810688
sz300408,三环集团,1916497371.0,1996718571.0,0.9598234818040363
sz300413,芒果超媒,1870720815.0,1870720815.0,1.0
sz300418,昆仑万维,1255356953.0,1285034715.0,0.9769050892916928
sz300433,蓝思科技,5284327591.0,5278740870.0,1.001058343483339
sz300442,润泽科技,1454081234.02,1641041973.0,0.8860719335300024
sz300450,先导智能,1566163034.0,1674221434.0,0.9354575220424517
sz300476,胜宏科技,870349313.0,982784813.0,0.8855949964705041
sz300498,温氏股份,6653927263.0,6653929305.0,0.9999996931136617
sz300502,新易盛,994009312.0,1394256684.0,0.712931358627792
sz300628,亿联网络,1266747115.0,1266918377.0,0.9998648200206823
sz300661,圣邦股份,620063014.0,685634253.0,0.9043641143757152
sz300750,宁德时代,4563803000.0,4626770410.0,0.9863906344123092
sz300760,迈瑞医疗,1212441394.0,1211799431.0,1.0005297601101117
sz300803,指南针,609791915.0,616500530.0,0.989118233199248
sz300832,新产业,785718785.0,785718785.0,1.0
sz300866,安克创新,536158873.0,588054402.0,0.9117504625022771
sz300896,爱美客,302592061.0,302592061.0,1.0
sz300999,金龙鱼,5421592000.0,5421591536.0,1.0000000855837252
sz301165,锐捷网络,795454545.0,1113636363.0,0.7142857142857143
sz301236,软通动力,952941177.0,1035189280.0,0.9205477639799361
sz301269,华大九天,545437608.0,547874648.0,0.995551829220614
sz301308,江波龙,419145267.0,429668149.0,0.9755092807682144
sz302132,中航成飞,2672091376.0,2672091376.0,1.0
